genre,main_genre,artists,degree,strength,betweenness,hits_hub,hits_authority
rock,ROCK,234,172,4071,167533.75,1,1
folk rock,ROCK,89,105,2846,47254,0.8157765756233515,0.8157765756233513
singer-songwriter,FOLK,54,140,2742,14438,0.7202976029039938,0.7202976029039937
modern rock,ROCK,62,153,2723,60470.42619047617,0.35321466245539646,0.3532146624553968
mellow gold,POP,145,96,2591,33746,0.8367316431032773,0.8367316431032766
indie rock,ROCK,69,128,2517,16615.50952380952,0.3433058207037661,0.3433058207037655
folk-pop,POP,46,145,2427,29077.00952380952,0.36673900299499246,0.3667390029949923
hip hop,HIP HOP,94,83,2407,34928.5,0.04904963756283031,0.049049637562830116
classic rock,ROCK,172,95,2390,7608,0.7746456146583193,0.7746456146583189
rap,HIP HOP,52,74,2254,7106,0.04800400449732478,0.048004004497324906
album rock,ROCK,305,86,2197,9867,0.7375053140102712,0.7375053140102715
pop rap,POP,72,82,2191,54126,0.05151335167826282,0.05151335167826299
alternative rock,ROCK,135,137,2190,23824.5,0.3365329081504244,0.3365329081504245
soft rock,ROCK,136,79,2169,32622,0.7272653657673038,0.7272653657673038
dance pop,POP,280,125,2145,130638.25,0.08339607097964256,0.08339607097964268
pop,POP,189,133,2109,80209.16666666666,0.07110041855119405,0.0711004185511939
indie pop,POP,45,116,2061,10565.576190476191,0.2687362750104382,0.26873627501043806
art rock,ROCK,97,119,2059,26061.083333333332,0.5347917766898678,0.5347917766898677
roots rock,ROCK,75,100,1924,11422,0.5326375835489304,0.5326375835489304
country rock,COUNTRY,47,85,1904,24694,0.4868156667934199,0.48681566679341975
indie folk,FOLK,34,117,1870,3380.2095238095235,0.2761776856541481,0.27617768565414785
southern hip hop,HIP HOP,65,62,1858,3080,0.040419445121937805,0.04041944512193802
folk,FOLK,47,97,1823,17,0.5213395450669533,0.5213395450669529
pop rock,POP,37,129,1702,108427,0.28119771965003504,0.2811977196500348
hard rock,ROCK,164,89,1696,8778.333333333334,0.4750967002197394,0.47509670021973927
urban contemporary,R&B,79,56,1675,46932,0.05691714448696157,0.05691714448696153
quiet storm,R&B,67,61,1611,46456,0.08048065189338292,0.08048065189338291
dance rock,ROCK,81,95,1607,6288,0.3413690141853174,0.34136901418531723
new wave pop,POP,68,96,1581,18783.75,0.3532345759198366,0.35323457591983676
gangster rap,HIP HOP,35,55,1572,5942,0.02901560624249112,0.02901560624249117
new wave,ROCK,64,96,1519,3286,0.3039131092920609,0.3039131092920607
blues-rock,ROCK,76,89,1487,10007,0.4342788219392072,0.43427882193920675
alternative metal,ROCK,275,94,1479,39573.66666666666,0.1429146065435032,0.14291460654350313
funk,R&B,78,89,1430,35343.5,0.08210784412365416,0.08210784412365417
soul,R&B,77,76,1404,8698.5,0.08311260080405407,0.08311260080405408
chamber pop,POP,35,104,1399,2825.2928571428574,0.2019891431690746,0.2019891431690742
psychedelic rock,ROCK,55,87,1392,6391,0.3948379584963284,0.394837958496328
indietronica,ROCK,66,94,1342,13577.95,0.13914587119150057,0.13914587119150035
r&b,R&B,80,43,1337,1228,0.04305005559629249,0.04305005559629261
stomp and holler,ROCK,29,91,1325,30.192857142857143,0.20361824670293788,0.20361824670293785
trap music,HIP HOP,58,47,1310,4740.5,0.029523124206626037,0.029523124206626172
brill building pop,POP,110,56,1206,34885,0.21423783203054492,0.21423783203054483
post-grunge,ROCK,173,72,1179,46239,0.15561460947028535,0.1556146094702853
hip pop,POP,65,45,1173,6,0.03446036105302827,0.034460361053028264
nu metal,METAL,197,70,1160,7077.166666666668,0.11260947558868377,0.11260947558868363
motown,R&B,78,53,1160,30321,0.08676712579821572,0.08676712579821569
disco,ELECTRONIC,94,63,1149,23258,0.10837822576990917,0.10837822576990917
garage rock,ROCK,48,104,1137,5636.666666666666,0.181900878285792,0.18190087828579196
adult standards,POP,207,67,1093,60838.5,0.18711864098472303,0.1871186409847228
noise pop,POP,31,87,1080,4756.666666666666,0.12367412460918956,0.12367412460918946
bubblegum pop,POP,89,53,1077,998,0.26595541180541993,0.2659554118054198
art pop,POP,49,90,1065,3418,0.13796003343861193,0.137960033438612
new rave,ELECTRONIC,80,81,1042,14054.699999999999,0.11407933023748332,0.11407933023748323
freak folk,FOLK,23,76,1018,3776.083333333333,0.13225279342970764,0.13225279342970775
new romantic,ROCK,68,59,1001,431.5,0.2253184659494484,0.2253184659494482
country,COUNTRY,167,33,970,13795,0.053531302290789035,0.053531302290789014
new jack swing,R&B,37,37,969,134,0.03448671241237467,0.03448671241237469
neo soul,R&B,42,55,967,2841,0.03361742204218141,0.03361742204218142
lo-fi,ELECTRONIC,35,80,959,3,0.12571667183701699,0.12571667183701704
classic soul,R&B,144,39,940,964,0.049365994450293244,0.049365994450293216
metal,METAL,54,77,926,33464.833333333336,0.1444825677150941,0.14448256771509407
hardcore hip hop,HIP HOP,66,39,921,1915.5,0.016928949766614496,0.016928949766614482
dance-punk,ROCK,54,92,893,180.36666666666667,0.1081267027329243,0.10812670273292428
traditional folk,FOLK,31,70,892,4306,0.24285309741238686,0.24285309741238656
classic uk pop,POP,69,54,880,3780,0.23797476134976206,0.23797476134976206
outlaw country,COUNTRY,34,41,875,1915,0.12730533864956706,0.12730533864956706
pop punk,ROCK,36,63,838,39321.5,0.03985983080928534,0.03985983080928536
groove metal,METAL,83,59,829,6406.166666666667,0.06224802610727841,0.06224802610727843
dream pop,POP,17,80,820,2961.5,0.09854669911686238,0.09854669911686245
alternative dance,ROCK,93,69,817,2397.2,0.08720544341096201,0.08720544341096204
new americana,COUNTRY,45,61,811,3629.116666666667,0.14767572320678418,0.14767572320678413
electropop,POP,29,83,808,14600.366666666667,0.05070757742910202,0.050707577429101924
alternative country,COUNTRY,88,56,806,1,0.173906363524781,0.17390636352478092
rap rock,HIP HOP,113,60,771,2835.3333333333335,0.06213265005106802,0.06213265005106801
contemporary country,COUNTRY,206,27,765,4731,0.02900312313001745,0.029003123130017402
dirty south rap,HIP HOP,48,31,764,4491,0.01598599771181153,0.01598599771181153
rock-and-roll,ROCK,58,50,763,951,0.12271117991874624,0.12271117991874615
permanent wave,ROCK,31,81,757,0,0.18511694791685177,0.1851169479168517
traditional country,COUNTRY,39,41,727,1927,0.08430888346484718,0.08430888346484716
lilith,POP,16,67,724,51,0.165889064333143,0.165889064333143
post-teen pop,POP,106,44,715,10715,0.026800566277896887,0.026800566277896926
neo mellow,R&B,65,69,710,4697,0.08691701134967042,0.08691701134967034
post-disco,ROCK,51,36,700,3943,0.032510877852081954,0.03251087785208198
jazz funk,R&B,28,56,661,15045,0.017915433638553628,0.017915433638553628
power pop,POP,17,64,660,1150,0.14166888226298824,0.14166888226298818
country road,COUNTRY,146,21,657,21,0.025952076914006805,0.0259520769140068
symphonic rock,ROCK,53,46,657,1017.0833333333333,0.19500608745434364,0.19500608745434345
post-punk,ROCK,24,71,650,967,0.098506721116200055,0.09850672111619999
heartland rock,ROCK,38,55,621,0,0.22548616319437556,0.2254861631943756
screamo,ROCK,18,50,621,11165.5,0.010745264412654255,0.01074526441265425
east coast hip hop,HIP HOP,53,31,617,0,0.01218301357136368,0.012183013571363668
emo,ROCK,42,60,614,5588,0.02526512661741895,0.025265126617418924
christian music,R&B,59,28,605,3720.866666666667,0.0020851355046610062,0.002085135504660976
merseybeat,ROCK,33,35,601,108,0.12284458843026705,0.12284458843026697
christian alternative rock,ROCK,48,37,596,19048.36666666667,0.004071007588966681,0.004071007588966677
southern soul,R&B,61,35,596,1898,0.030558983143749736,0.03055898314374976
worship,R&B,61,26,595,3528.7000000000007,0.0014540166946706433,0.0014540166946706771
ccm,R&B,69,23,594,4764.033333333334,0.001456606388509749,0.0014566063885097567
punk,ROCK,15,84,587,22551,0.0580198217797583,0.05801982177975826
slow core,METAL,18,62,584,0,0.08530656562017007,0.08530656562017003
chillwave,ELECTRONIC,24,53,574,0.5,0.05785214047183048,0.05785214047183051
nashville sound,COUNTRY,35,32,561,0,0.059711418147150516,0.059711418147150475
electric blues,BLUES,36,43,527,2823,0.1281390640604197,0.1281390640604197
melodic metalcore,METAL,24,52,526,15780.000000000002,0.010283296818596497,0.010283296818596518
experimental rock,ROCK,15,73,513,1.5,0.07159096420941445,0.07159096420941441
alternative hip hop,HIP HOP,111,32,502,6588.5,0.008354734826812555,0.008354734826812591
uk pop,POP,48,45,500,2.833333333333333,0.01783417914687957,0.01783417914687958
anti-folk,FOLK,13,59,499,0,0.08202027191559379,0.08202027191559376
metalcore,METAL,20,43,494,1562.9999999999998,0.006420589698763636,0.00642058969876363
rockabilly,ROCK,40,49,484,1894,0.07187980857124336,0.07187980857124332
atl hip hop,HIP HOP,92,27,479,0,0.012262410322547119,0.01226241032254712
texas country,COUNTRY,30,35,479,0,0.08057467784529465,0.08057467784529465
synthpop,POP,43,30,474,948,0.10651498525085755,0.10651498525085752
noise rock,ROCK,18,59,470,2.5,0.04949564212035396,0.04949564212035394
europop,POP,25,42,469,11323,0.05173955111257685,0.051739551112576825
country gospel,COUNTRY,48,18,454,1895,0.033117580508554956,0.03311758050855495
jazz fusion,JAZZ,16,53,450,11384,0.03476828525778686,0.034768285257786836
lounge,JAZZ,90,36,448,31915,0.04271926064470791,0.04271926064470787
progressive rock,ROCK,39,37,447,11.083333333333334,0.11943305944828726,0.11943305944828712
pub rock,ROCK,12,56,446,0,0.09742217055986654,0.09742217055986652
edm,ELECTRONIC,30,44,445,21818.616666666665,0.005562332729740407,0.005562332729740417
post-hardcore,ROCK,10,65,445,101,0.027336066112267,0.027336066112266973
protopunk,ROCK,12,48,443,0,0.10967306106936464,0.10967306106936453
tropical house,LATIN,36,47,441,5578.249999999999,0.011541701209535711,0.011541701209535694
electronic,ELECTRONIC,24,70,428,9057.75,0.032121042393003674,0.03212104239300362
nu gaze,ROCK,13,45,427,4.5,0.042763910595647915,0.04276391059564788
speed metal,METAL,15,36,426,8.333333333333332,0.04802802597205899,0.04802802597205896
glam metal,METAL,59,30,425,2,0.12798532363417972,0.1279853236341797
modern country rock,COUNTRY,97,18,414,0,0.011296304432073764,0.011296304432073767
melancholia,OTHER,13,60,407,0,0.08340246240773094,0.08340246240773083
modern blues,BLUES,27,45,401,0,0.08204266339060355,0.08204266339060352
shimmer pop,POP,17,34,385,0,0.04436729880210814,0.04436729880210811
blues,BLUES,43,43,380,4721,0.07031541703158968,0.07031541703158968
deep pop r&b,POP,25,24,378,0,0.011471137838043637,0.011471137838043656
latin,LATIN,60,35,370,27279,0.0017178492056811971,0.0017178492056811885
anthem worship,R&B,73,16,368,0,5.083477679224969e-4,5.083477679224962e-4
industrial metal,METAL,51,29,367,5654.166666666666,0.025642774255815272,0.02564277425581526
jangle pop,POP,18,51,351,0,0.06239818629178624,0.06239818629178621
yacht rock,ROCK,20,32,349,948,0.13145797864331063,0.13145797864331063
british invasion,POP,20,31,347,0,0.08788883322813922,0.08788883322813917
indie poptimism,POP,17,40,344,1748.5,0.026524413710078593,0.02652441371007857
industrial rock,ROCK,30,48,343,941.1666666666666,0.02829941737902061,0.028299417379020596
electro house,ELECTRONIC,27,39,338,3808.2,0.0031615354914443757,0.003161535491444364
vocal jazz,JAZZ,51,41,334,2089,0.015798663592638224,0.01579866359263823
metropopolis,POP,10,47,333,0.5,0.028093465082097285,0.028093465082097275
british blues,BLUES,18,34,329,0,0.09922767865257602,0.09922767865257598
jazz,JAZZ,24,32,329,2985.1666666666665,0.0030967427921227923,0.003096742792122793
christian rock,ROCK,20,35,325,22605.5,0.0073242117244158,0.0073242117244157945
southern rock,ROCK,22,29,317,946,0.11100481155745452,0.11100481155745451
cool jazz,JAZZ,24,27,311,423.3333333333333,0.0024527308391175543,0.0024527308391175616
underground hip hop,HIP HOP,19,28,311,1893,0.006395957734966011,0.006395957734966033
alternative pop,POP,36,46,308,0,0.038439638118983,0.038439638118983016
acoustic pop,POP,79,30,307,0,0.03549314277628243,0.035493142776282446
experimental,AVANT-GARDE,8,61,305,13,0.04525585029529637,0.045255850295296315
death metal,METAL,14,41,304,5667.666666666666,0.017359196692802198,0.017359196692802184
bebop,JAZZ,26,29,303,10.333333333333332,0.002046500429563704,0.0020465004295636842
conscious hip hop,HIP HOP,35,31,301,0,0.00593518966135442,0.005935189661354421
rhythm and blues,BLUES,25,30,301,951,0.016384877910948954,0.016384877910948944
progressive metal,METAL,17,45,301,989.5000000000001,0.031262855394410975,0.03126285539441095
tropical,LATIN,45,29,300,7497.5,0.0013049066751326204,0.0013049066751326477
hip house,ELECTRONIC,15,34,297,6904,0.005327553955487549,0.005327553955487531
contemporary post-bop,ROCK,22,27,287,2295.8333333333335,0.0020640102371040987,0.0020640102371040896
soul jazz,R&B,16,33,287,955,0.0029472940241533105,0.0029472940241533005
world worship,R&B,41,18,286,136.2,3.6821488971498247e-4,3.6821488971497293e-4
piano rock,ROCK,7,53,285,0,0.056496712847736386,0.056496712847736365
crunk,HIP HOP,23,15,280,0,0.005884914039519652,0.00588491403951965
west coast rap,HIP HOP,34,15,280,0,0.004442854110983424,0.0044428541109834425
jam band,ROCK,17,41,279,2801,0.07242266926359789,0.07242266926359783
thrash metal,METAL,9,27,275,0,0.03134724101987139,0.03134724101987137
classic garage rock,ROCK,36,30,272,0,0.05366143905481194,0.05366143905481193
neon pop punk,ROCK,16,26,271,944,0.008017435677939442,0.008017435677939446
trip hop,ELECTRONIC,15,54,266,1231.25,0.018709294681419224,0.018709294681419224
glam rock,ROCK,17,38,261,0,0.08020659296748135,0.0802065929674813
doo-wop,R&B,24,23,259,0,0.0268506177939288,0.026850617793928784
latin pop,POP,30,31,256,19529.5,0.0014783823409570344,0.00147838234095703
britpop,POP,35,37,251,0,0.05080166879619126,0.05080166879619122
electro,ELECTRONIC,30,25,250,947,0.006347848224423567,0.006347848224423565
cowboy western,COUNTRY,29,13,247,0,0.019005481602807125,0.01900548160280712
old school hip hop,HIP HOP,17,23,247,0,0.004213764602677652,0.004213764602677669
easy listening,POP,54,24,240,1916,0.019441965058708502,0.019441965058708485
pop emo,POP,12,30,239,1808,0.005638808126059014,0.005638808126059008
indiecoustica,ROCK,26,27,235,1274,0.015086325101512966,0.015086325101512948
rap metal,HIP HOP,34,21,232,0,0.019919885364511728,0.019919885364511718
grunge,ROCK,24,27,230,0,0.044262787477596176,0.044262787477596134
preverb,OTHER,4,39,225,0,0.023894454625046024,0.02389445462504602
australian pop,POP,52,29,224,2343,0.010807275329496296,0.010807275329496302
garage psych,ROCK,6,44,224,0,0.023875719019314876,0.023875719019314873
canterbury scene,ROCK,28,30,220,1.25,0.03889763166608375,0.03889763166608373
skate punk,ROCK,8,31,220,2332,0.00800053146418087,0.00800053146418087
country dawn,COUNTRY,54,16,218,948,0.006773549325463652,0.0067735493254636615
g funk,HIP HOP,43,18,217,948,0.003128567439752049,0.0031285674397520534
neo-psychedelic,ROCK,6,42,216,0,0.024840728231225392,0.024840728231225385
punk blues,ROCK,10,41,215,0,0.03575017093160015,0.03575017093160014
hard bop,JAZZ,18,21,214,0,8.780311790355463e-4,8.78031179035552e-4
dreamo,ROCK,36,24,213,0,0.01129028516714111,0.0112902851671411
philly soul,R&B,24,21,213,0,0.009585960425995967,0.009585960425995962
big room,ELECTRONIC,31,20,209,0.3333333333333333,0.0020775720533852617,0.0020775720533852625
modern blues rock,ROCK,9,28,208,0,0.03857019056282703,0.03857019056282702
turntablism,HIP HOP,30,20,207,0,0.003019866256769948,0.0030198662567699507
baroque pop,POP,12,42,205,0,0.03829845940861171,0.038298459408611686
deathcore,METAL,24,30,202,1892.5,0.0013826168673123883,0.0013826168673123922
power metal,METAL,10,28,198,2836,0.021861927877970172,0.021861927877970165
funk metal,METAL,26,26,197,66,0.025654705367691443,0.025654705367691436
banda,LATIN,41,19,194,6594,6.538214418320525e-6,6.538214418321061e-6
freakbeat,ROCK,27,21,191,0,0.036353683560502725,0.036353683560502725
melodic hardcore,ROCK,14,30,190,2779,0.0024840170975259,0.0024840170975259043
regional mexican,LATIN,41,12,190,1885.5,1.2834796666365248e-5,1.283479666636678e-5
girl group,POP,12,31,189,0,0.011185137241141348,0.011185137241141351
alternative r&b,R&B,37,28,188,936,0.005437914589750571,0.005437914589750567
zolo,AVANT-GARDE,11,35,183,0,0.038077183624276624,0.038077183624276596
old school thrash,METAL,9,19,181,0,0.01967758283672919,0.019677582836729178
grupera,LATIN,34,13,180,13078,1.5864570093385e-5,1.5864570093389833e-5
alternative emo,ROCK,42,22,180,0,0.004249450358544205,0.004249450358544195
stoner rock,ROCK,14,32,178,3761.5,0.017519462430142865,0.017519462430142848
boy band,POP,47,22,175,0,0.0067522744932413045,0.006752274493241318
shoegaze,ROCK,5,40,174,0,0.020309242399261195,0.0203092423992612
norteno,LATIN,37,12,169,0.5,6.507980137214697e-6,6.507980137211241e-6
red dirt,COUNTRY,12,17,169,1,0.018062426458077162,0.018062426458077156
viral pop,POP,18,19,169,948,0.007818990679294351,0.007818990679294355
chamber psych,CLASSICAL,4,37,167,0,0.026332418769848598,0.026332418769848587
escape room,OTHER,11,35,163,14,0.0074586223645725395,0.0074586223645725465
deep new americana,COUNTRY,12,24,161,0,0.029805714587408244,0.029805714587408216
gbvfi,OTHER,11,26,160,0,0.01716733217265302,0.01716733217265302
comic,OTHER,31,40,159,4728,0.015722571359203314,0.015722571359203307
traditional blues,BLUES,15,25,159,9,0.019728150054158154,0.01972815005415815
neo-synthpop,POP,14,27,157,0,0.012680526229813999,0.012680526229813995
experimental pop,POP,5,36,156,0,0.01678299869578022,0.01678299869578022
redneck,COUNTRY,21,18,156,1652,0.005782164770876374,0.005782164770876378
latin hip hop,HIP HOP,21,19,155,915,8.749172056557254e-4,8.749172056557238e-4
progressive bluegrass,COUNTRY,11,20,154,1358,0.019218702793399704,0.019218702793399708
memphis soul,R&B,18,16,153,0,0.008164905978912547,0.008164905978912552
brooklyn indie,ROCK,6,26,153,0,0.019071565779763527,0.019071565779763527
classic canadian rock,ROCK,20,24,152,0,0.056996036159555535,0.05699603615955553
progressive house,ELECTRONIC,17,19,152,1897,0.0011371750481158093,0.0011371750481158145
roots worship,FOLK,11,17,149,0.3333333333333333,0.0012183707035644557,0.001218370703564456
mathcore,ROCK,7,27,149,3,0.0014031833343797738,0.0014031833343797577
west coast trap,HIP HOP,14,12,147,3,0.0019516551410497175,0.0019516551410497251
christian pop,POP,22,13,145,0,2.053190724418199e-4,2.0531907244181e-4
canadian pop,POP,18,40,145,0,0.01760161229074284,0.017601612290742835
la indie,ROCK,6,24,144,0,0.021135949605224153,0.021135949605224143
reggaeton,LATIN,25,11,143,2840,8.247427072912754e-4,8.24742707291263e-4
hyphy,HIP HOP,13,12,142,0,0.0017706650845777745,0.0017706650845777851
canadian indie,ROCK,11,35,142,948,0.019804971855965046,0.019804971855965036
swing,JAZZ,19,23,140,2791,0.004216767002488613,0.004216767002488608
crossover thrash,METAL,13,22,140,913,0.008657249551659581,0.00865724955165957
indie punk,ROCK,5,33,138,0,0.012694529987119563,0.012694529987119558
country pop,POP,40,9,136,0,0.002656012983693716,0.002656012983693719
pixie,OTHER,5,22,134,0,0.001713485224652738,0.0017134852246527372
chicago soul,R&B,28,16,133,0,0.005674015476444299,0.0056740154764442965
post-screamo,ROCK,10,16,132,0,0.0013611364639565015,0.0013611364639565043
sludge metal,METAL,11,23,132,958.5,0.006634728096500781,0.006634728096500768
stoner metal,METAL,12,23,130,1875.5,0.009080692695421812,0.009080692695421807
big band,JAZZ,10,20,129,15,0.0019305697556485798,0.0019305697556485724
progressive electro house,ELECTRONIC,17,14,128,0,0.0011789338371129307,0.001178933837112932
uk post-punk,ROCK,8,26,127,0,0.021211721355734604,0.021211721355734584
progressive post-hardcore,ROCK,7,20,126,104,0.002080276998570036,0.002080276998570036
anthem emo,ROCK,24,16,126,0.5,0.0019050687298913258,0.0019050687298913262
eurodance,ELECTRONIC,20,12,125,1908,0.0021970192745664895,0.002197019274566486
canadian singer-songwriter,FOLK,3,27,124,0,0.03390671278874106,0.03390671278874104
chicago rap,HIP HOP,21,21,123,0,0.0027245463623119972,0.002724546362312004
candy pop,POP,34,30,123,0,0.011535286831131962,0.011535286831131954
no wave,ROCK,6,31,122,0,0.015311872565680562,0.015311872565680559
neo classical metal,METAL,8,18,121,944,0.015824442856283743,0.01582444285628374
ska,REGGAE,5,22,121,13081,0.008734351632618475,0.008734351632618468
funk rock,ROCK,9,27,121,0,0.020688009840794164,0.02068800984079416
bubblegum dance,POP,29,14,120,0,0.0035037095428696956,0.0035037095428696943
melodic death metal,METAL,11,21,120,948.1666666666667,0.004145391821315702,0.004145391821315693
soundtrack,CLASSICAL,12,15,118,5695,8.645687581268693e-6,8.645687581264914e-6
soul blues,R&B,8,20,118,0,0.007937383391177855,0.007937383391177858
deep southern trap,HIP HOP,16,11,117,0,0.0022100541480068606,0.0022100541480068675
djent,METAL,8,22,116,1828,0.0010537850864297113,0.0010537850864297104
ska punk,ROCK,6,14,115,931,0.0019698136571796553,0.001969813657179658
christian metal,METAL,9,17,115,0,8.279625774283914e-4,8.27962577428387e-4
bluegrass,COUNTRY,12,19,114,0,0.012102958929450895,0.012102958929450887
sleaze rock,ROCK,28,8,114,0,0.026276915274838546,0.026276915274838535
brostep,ELECTRONIC,9,20,112,12.533333333333333,5.399895503458398e-4,5.399895503458371e-4
house,ELECTRONIC,8,19,111,943.5,0.0010114505959075825,0.001011450595907579
industrial,ELECTRONIC,4,29,111,0.3333333333333333,0.008707192335169164,0.008707192335169162
indie r&b,ROCK,10,26,108,0,0.003967972069124854,0.003967972069124852
minneapolis sound,R&B,8,17,105,0,0.0051314532666710665,0.005131453266671066
jazz saxophone,JAZZ,8,18,105,0,3.586773661010649e-4,3.586773661010592e-4
vapor trap,HIP HOP,4,15,105,0,0.0018044473583515987,0.0018044473583515997
scorecore,METAL,15,8,104,938,6.9461113251527274e-6,6.946111325151886e-6
big beat,ELECTRONIC,16,21,104,0,0.0031333453962116157,0.0031333453962116152
canadian rock,ROCK,9,27,104,0,0.009210084216084748,0.009210084216084748
smooth jazz,JAZZ,15,20,103,948,0.0034811040980728372,0.0034811040980728307
miami hip hop,HIP HOP,5,21,102,0,0.002421313025104286,0.0024213130251042854
math rock,ROCK,4,24,101,0,0.006762972294829116,0.006762972294829118
post-rock,ROCK,5,35,101,2863,0.00846384805822373,0.008463848058223727
reggae,REGGAE,15,13,100,10312,4.9771354546636924e-5,4.977135454663245e-5
instrumental rock,ROCK,7,24,100,34,0.016455390097133375,0.016455390097133368
indie surf,ROCK,3,22,99,0,0.010452627327421127,0.010452627327421126
ectofolk,FOLK,10,17,98,0,0.020953266977994756,0.020953266977994756
sunshine pop,POP,15,18,98,0,0.028723961595695426,0.028723961595695433
hollywood,CLASSICAL,27,19,97,5668,0.003932296473882661,0.003932296473882667
indie garage rock,ROCK,4,22,97,0,0.009192554662009616,0.009192554662009614
avant-garde jazz,JAZZ,11,19,94,1885.8333333333335,4.3931834595867367e-4,4.393183459586771e-4
diva house,ELECTRONIC,15,15,89,0,0.0017259017277618939,0.0017259017277618945
houston rap,HIP HOP,7,10,89,0,0.0017314520378288794,0.0017314520378288812
cosmic american,ROCK,7,20,89,0,0.030272385800593524,0.03027238580059352
reggaeton flow,LATIN,19,7,88,0,3.008933609116126e-4,3.0089336091161027e-4
christian hardcore,ROCK,15,13,88,0,3.279321099365716e-4,3.279321099365653e-4
cali rap,HIP HOP,20,13,87,0,0.0013919129596342227,0.0013919129596342199
northern soul,R&B,15,11,87,0,0.003872108490922322,0.0038721084909223223
jazz blues,JAZZ,6,27,87,0,0.008068667490462231,0.008068667490462225
roots reggae,FOLK,13,10,87,947.5,2.2874368701805982e-5,2.287436870180074e-5
free jazz,JAZZ,5,18,86,7.5,3.818724304560827e-4,3.818724304560802e-4
deathgrind,METAL,6,19,86,947.3333333333334,0.001623902503414531,0.001623902503414534
deep ccm,R&B,12,10,85,0,9.62755011469262e-5,9.62755011469307e-5
hardcore punk,ROCK,5,29,85,977,0.004427407847456838,0.004427407847456835
wrestling,OTHER,13,20,85,0,0.008183659708657302,0.008183659708657299
vocal house,ELECTRONIC,8,21,83,1837.5,0.0013504094253139283,0.0013504094253139263
contemporary jazz,JAZZ,8,18,82,0,5.105445269599535e-4,5.10544526959957e-4
post-metal,ROCK,7,17,82,1753,0.0029572826735393726,0.0029572826735393696
doom metal,METAL,5,21,82,6.5,0.004079345586792333,0.004079345586792326
ranchera,LATIN,10,11,81,935,1.8080042931263382e-5,1.808004293126104e-5
jazz piano,JAZZ,4,17,81,0,8.88446393552618e-4,8.884463935526214e-4
swedish metal,METAL,7,18,81,0.5,0.004127681153973165,0.0041276811539731634
philly indie,ROCK,5,20,79,0,0.00881597635911843,0.008815976359118424
latin arena pop,POP,14,9,77,0,1.9517873287480417e-4,1.9517873287480005e-4
memphis hip hop,HIP HOP,8,8,77,0,0.001525161016683083,0.001525161016683084
new orleans rap,HIP HOP,4,12,77,0,0.001419284920750987,0.001419284920750987
roots americana,COUNTRY,6,14,76,0,0.010950569115211443,0.010950569115211436
madchester,ROCK,7,17,76,0,0.015738278050660564,0.015738278050660557
fourth world,OTHER,2,28,76,3681.3333333333335,0.007534543153305257,0.007534543153305252
classic girl group,POP,14,14,75,0,0.00779465722763272,0.00779465722763272
deep big room,ELECTRONIC,10,11,73,0,6.06308435248488e-4,6.063084352484847e-4
reggae fusion,JAZZ,20,15,73,37,6.17837990650539e-4,6.178379906505389e-4
modern alternative rock,ROCK,11,16,72,0,0.012837589314748273,0.01283758931474826
british soul,R&B,26,20,72,0,0.005592622056279829,0.0055926220562798265
hi-nrg,ELECTRONIC,6,15,72,0,0.009427275225889818,0.009427275225889818
philly rap,HIP HOP,4,14,72,0,0.001552029872520348,0.0015520298725203467
dancehall,REGGAE,19,9,71,1896,5.347347362984101e-6,5.34734736297878e-6
canadian country,COUNTRY,7,16,71,0,0.008522821445348057,0.008522821445348057
mexican pop,POP,7,9,71,0,6.603524452322971e-4,6.60352445232295e-4
boom bap,HIP HOP,16,9,69,0,9.05133299592671e-4,9.051332995926724e-4
cumbia,LATIN,11,10,69,0,9.688414227547241e-6,9.688414227546226e-6
brutal death metal,METAL,6,14,69,0.3333333333333333,0.0015855264760511216,0.001585526476051119
pop edm,POP,7,12,69,0,9.305406306019963e-4,9.305406306019959e-4
new jersey indie,ROCK,3,23,69,0,0.008655287913675168,0.008655287913675164
latin jazz,LATIN,9,16,68,33,8.301891868130046e-5,8.301891868129896e-5
canadian metal,METAL,6,19,68,948,0.012790504336918355,0.012790504336918349
jazz trumpet,JAZZ,6,17,68,1287.5,5.326715979375769e-4,5.326715979375766e-4
garage pop,POP,3,18,67,0,0.00555340621603698,0.005553406216036979
detroit hip hop,HIP HOP,13,12,66,948,0.0016120625850492916,0.001612062585049295
freestyle,ELECTRONIC,44,12,66,948,0.003036901690764416,0.003036901690764415
boston rock,ROCK,5,21,66,0,0.009744465088986078,0.009744465088986074
electronic trap,HIP HOP,6,12,66,2.033333333333333,2.133808455881333e-4,2.1338084558813274e-4
duranguense,LATIN,13,6,65,0,4.3729830674788867e-7,4.372983067476719e-7
british folk,FOLK,11,15,65,0,0.02098869808915184,0.020988698089151832
rock en espanol,ROCK,8,11,65,3783,1.784260783191245e-4,1.7842607831912343e-4
swedish electropop,POP,3,19,65,3,0.0027630905337043573,0.0027630905337043526
american folk revival,FOLK,20,13,64,0,0.018846056600545825,0.018846056600545825
bay area indie,ROCK,10,21,64,948,0.006877622933739126,0.006877622933739124
gospel,R&B,64,9,63,2865.5,2.8449964644597234e-4,2.8449964644597137e-4
disco house,ELECTRONIC,9,18,63,3,4.2238260091649073e-4,4.2238260091648997e-4
old-time,FOLK,6,12,63,0,0.005555423906496982,0.005555423906496981
new jersey rap,HIP HOP,5,13,63,0,0.0012784931448723382,0.00127849314487234
battle rap,HIP HOP,15,10,62,0,0.0013731109391852392,0.001373110939185241
downtempo,ELECTRONIC,9,14,61,14,0.001546729026118957,0.001546729026118958
christian punk,ROCK,7,13,61,0,3.156148899466969e-4,3.1561488994669227e-4
baltimore indie,ROCK,4,15,61,0,0.007774726154795807,0.007774726154795804
vapor soul,R&B,3,16,61,0,0.003069042534631148,0.003069042534631148
hard alternative,ROCK,12,10,60,0,0.0035920200618320395,0.0035920200618320412
classic soundtrack,CLASSICAL,35,12,59,13104,1.8283314554240574e-4,1.8283314554240544e-4
talent show,POP,6,12,59,0,0.002036273341582933,0.002036273341582936
christian uplift,R&B,5,12,59,0,1.8924665673664362e-4,1.8924665673664433e-4
drill,HIP HOP,4,12,59,0,0.0011075960933261233,0.0011075960933261259
lovers rock,ROCK,7,8,58,0,4.3747001322380695e-6,4.374700132236362e-6
emo punk,ROCK,3,13,58,0,0.0028048518972091318,0.002804851897209131
christian indie,ROCK,5,12,58,0,8.38533309765607e-4,8.38533309765608e-4
australian rock,ROCK,14,12,57,948,0.014069874773025185,0.014069874773025176
jazz guitar,JAZZ,4,12,57,0,6.007072509495948e-4,6.007072509495957e-4
dub,REGGAE,15,10,56,0,2.887209814603011e-5,2.887209814602883e-5
chicano rap,HIP HOP,26,12,55,83,6.81259671271567e-4,6.812596712715656e-4
salsa,LATIN,7,9,55,942,2.1100640952193838e-5,2.11006409521955e-5
chicago blues,BLUES,5,11,54,0,0.007328648006161098,0.007328648006161097
harmonica blues,BLUES,6,13,54,0,0.0061692348239987364,0.0061692348239987364
stride,JAZZ,2,16,54,30,4.676503587981963e-4,4.676503587981963e-4
texas blues,BLUES,9,8,54,0,0.008343420559236875,0.008343420559236875
christian hip hop,HIP HOP,18,9,53,1895,4.8756361600179065e-5,4.875636160017921e-5
arkansas country,COUNTRY,13,10,53,0,0.0036127577934531347,0.003612757793453133
scottish rock,ROCK,3,20,53,0,0.011071568333428334,0.01107156833342833
socal pop punk,ROCK,5,11,53,0,0.002141520482408888,0.0021415204824088855
appalachian folk,FOLK,7,10,52,0,0.004330785562246629,0.004330785562246628
celtic rock,ROCK,7,17,52,2736,0.004101569693461944,0.004101569693461943
jazz rap,HIP HOP,10,8,52,0,8.592347911007889e-4,8.592347911007927e-4
trap queen,HIP HOP,3,14,52,0,0.0014375429999250642,0.0014375429999250648
video game music,CLASSICAL,8,4,52,0,1.91655371722454e-7,1.9165537172280426e-7
easycore,ROCK,7,9,51,0,4.926239463658298e-4,4.9262394636583e-4
acoustic blues,BLUES,9,13,51,0,0.003661689205423299,0.0036616892054233017
psychedelic folk,ROCK,4,15,51,0,0.012920753198852376,0.012920753198852372
post-doom metal,ROCK,3,10,50,0,5.078172354110893e-4,5.078172354110856e-4
mambo,JAZZ,8,8,50,1874,1.035042970237404e-5,1.0350429702371778e-5
technical death metal,METAL,4,13,50,0,7.856492657848396e-4,7.85649265784838e-4
show tunes,POP,19,3,50,0,6.881816152581435e-5,6.881816152581547e-5
nu jazz,JAZZ,5,10,49,948.5,4.178305730930065e-4,4.1783057309300475e-4
chicago indie,ROCK,3,20,49,0,0.005921084752288729,0.005921084752288726
scottish indie,ROCK,4,19,49,0,0.008547333724098124,0.008547333724098126
country rap,HIP HOP,14,14,48,0,8.209959846839114e-4,8.209959846839108e-4
banjo,FOLK,8,10,48,0,0.002586162627997997,0.0025861626279979947
country blues,COUNTRY,4,13,48,0,0.007701769531274253,0.007701769531274253
afrobeat,FOLK,9,12,48,13027.5,9.59677639808152e-4,9.596776398081513e-4
louisiana blues,BLUES,3,19,48,5,0.0061714873045960765,0.006171487304596076
bossa nova,LATIN,12,15,48,15844,5.123372895540413e-4,5.123372895540389e-4
etherpop,POP,2,15,48,0,0.004952361962720488,0.004952361962720488
portland indie,ROCK,2,14,48,0,0.007939079400560505,0.007939079400560501
neo-progressive,ROCK,5,7,47,0,0.008724292304896561,0.008724292304896556
christian relaxative,NEW AGE,4,8,47,0,5.245200523410397e-5,5.245200523410695e-5
old school dancehall,REGGAE,11,8,47,0,3.5995631074039703e-6,3.5995631074051425e-06
hardcore,ROCK,4,14,47,1,0.0011648793383364437,0.0011648793383364424
gothic metal,METAL,4,13,47,0,0.00137149223676935,0.0013714922367693487
space rock,ROCK,5,14,47,0,0.004343388704315009,0.004343388704315005
new weird america,FOLK,2,18,47,0,0.006503900626651977,0.006503900626651974
swedish death metal,METAL,4,12,46,0,0.0016258308480767713,0.0016258308480767703
latin metal,METAL,6,12,46,0,0.002491775395764808,0.002491775395764809
scottish new wave,ROCK,3,11,46,0,0.009805661250164292,0.009805661250164284
electronic rock,ROCK,6,17,46,0,0.0056284023551718895,0.005628402355171887
viking metal,METAL,2,16,46,2,8.668491542150332e-4,8.668491542150332e-4
gothic rock,ROCK,5,11,45,0,0.005800725683678718,0.005800725683678713
melodic thrash,METAL,2,12,45,0,0.004016850193754456,0.004016850193754454
indie jazz,ROCK,3,15,44,0,7.267458143948488e-4,7.2674581439485e-4
australian dance,ELECTRONIC,10,15,44,2,0.002832241316838661,0.0028322413168386587
underground rap,HIP HOP,7,10,44,0,3.303135263718657e-4,3.303135263718671e-4
indie pop rap,POP,14,8,43,948,0.0012785138821793359,0.0012785138821793354
black metal,METAL,5,13,43,105,9.737421995255139e-4,9.73742199525512e-4
filter house,ELECTRONIC,5,10,43,0,0.0027304466398562705,0.0027304466398562714
swedish pop,POP,5,12,43,989,0.002490992229749022,0.0024909922297490206
trancecore,ELECTRONIC,6,8,43,0,1.7094129421930195e-4,1.7094129421930102e-4
nu disco,ELECTRONIC,6,12,43,948,0.0032041990544478373,0.003204199054447835
nederpop,POP,3,14,42,2840,0.0077088206510393005,0.007708820651039298
deep disco,ELECTRONIC,31,5,41,0,0.001773760828289775,0.0017737608282897765
epicore,OTHER,7,4,41,0,1.3766268058532498e-7,1.376626805868073e-7
afropop,POP,6,13,40,9338.5,3.152401178747785e-4,3.1524011787477895e-4
broadway,POP,31,3,39,0,4.548821906470145e-5,4.548821906470102e-5
german metal,METAL,3,11,39,0,0.0057464372974650475,0.005746437297465042
electroclash,ELECTRONIC,7,10,38,0,0.0026427202713352593,0.0026427202713352575
intelligent dance music,ELECTRONIC,3,12,38,0.25,0.0011227582338283427,0.0011227582338283414
drone metal,METAL,4,8,38,0,3.393040898035346e-4,3.3930408980353236e-4
progressive metalcore,METAL,3,7,38,0,1.4306825638880734e-4,1.4306825638880658e-4
vocal harmony group,POP,8,9,38,0,0.001870045356091545,0.0018700453560915441
swedish synthpop,POP,3,14,38,0,0.0019326115320490412,0.0019326115320490423
underground power pop,POP,9,5,38,0,0.002708321156392148,0.0027083211563921497
boogaloo,JAZZ,9,6,37,0,5.017329459067989e-6,5.017329459065552e-6
acid jazz,JAZZ,12,11,37,0,8.863722620015811e-4,8.863722620015807e-4
jazz metal,METAL,4,12,37,0,5.710959721998657e-4,5.710959721998665e-4
bow pop,POP,16,16,37,2828,0.0076534974853826095,0.007653497485382606
surf music,ROCK,7,10,37,0,0.003861645232585338,0.003861645232585336
indie anthem-folk,FOLK,3,10,36,0,0.0035910050003675905,0.0035910050003675883
deep adult standards,R&B,11,9,36,0,0.0025106453398979723,0.0025106453398979715
austindie,ROCK,3,10,36,0,0.006569222738115398,0.006569222738115396
operatic pop,POP,16,11,36,18575,9.433397569092403e-4,9.433397569092385e-4
british soundtrack,CLASSICAL,14,5,35,0,3.65082630368339e-7,3.650826303667015e-7
regional mexican pop,POP,8,6,35,0,1.9409443798388294e-7,1.9409443798519354e-7
comedy,OTHER,33,3,34,948,2.727809396989062e-4,2.7278093969890644e-4
neo r&b,R&B,6,10,34,0,6.118387836674235e-4,6.118387836674244e-4
complextro,ELECTRONIC,3,8,34,0,1.7232098493482313e-4,1.723209849348235e-4
midwest emo,ROCK,5,9,34,0,0.001426086781456127,0.0014260867814561264
electro-industrial,ELECTRONIC,4,7,33,1.3333333333333333,3.345325369284003e-4,3.3453253692840014e-4
german techno,ELECTRONIC,6,6,33,0,4.0440579266555883e-4,4.044057926655585e-4
indie electro-pop,POP,2,9,33,0,8.007372816042121e-4,8.007372816042121e-4
compositional ambient,ELECTRONIC,5,13,33,972.3333333333334,0.0011221854957836677,0.0011221854957836662
spanish pop,POP,4,9,33,0,1.7591554532876373e-5,1.759155453287631e-5
swedish indie pop,POP,2,14,33,0,0.003920594120085714,0.003920594120085713
slayer,OTHER,4,10,33,0,0.0010021864927148582,0.001002186492714858
classical,CLASSICAL,17,11,32,6615,1.5291559908050654e-10,1.5291560048295335e-10
alberta country,COUNTRY,7,7,32,0,4.464144078124298e-4,4.4641440781242983e-4
classical performance,CLASSICAL,13,7,32,11282,2.5408411629146907e-8,2.5408411629473256e-8
rock steady,ROCK,6,6,32,0,1.5519580864459584e-4,1.5519580864459614e-4
gymcore,OTHER,4,8,32,0,0.001234774959107989,0.0012347749591079906
modern hard rock,ROCK,9,8,32,948,0.007042966486007807,0.007042966486007801
dark wave,ROCK,5,9,32,0,0.0019201484673444698,0.0019201484673444678
gothenburg indie,ROCK,2,16,32,0,0.0024175434340493306,0.002417543434049328
viral trap,HIP HOP,3,8,32,0,8.736085944185825e-4,8.736085944185821e-4
exotica,OTHER,3,7,31,0,8.066717049924484e-4,8.066717049924504e-4
progressive trance,ELECTRONIC,3,7,31,0,7.547707025926247e-5,7.547707025926234e-5
dutch house,ELECTRONIC,4,9,31,0,3.141105662155214e-4,3.1411056621552134e-4
nwobhm,ROCK,3,9,31,0,0.006956521997816464,0.006956521997816462
canadian folk,FOLK,6,10,31,0,0.011082664474931067,0.011082664474931066
atlanta indie,ROCK,1,14,31,0,0.0029173263122396005,0.0029173263122396
straight edge,ROCK,2,10,31,0,2.6230621380734636e-4,2.6230621380734636e-4
cuban rumba,LATIN,5,6,30,0,3.137459658074925e-6,3.1374596580750742e-6
atl trap,HIP HOP,5,8,30,0,6.117180412876482e-4,6.117180412876479e-4
modern southern rock,ROCK,11,8,30,0,0.002673736599175227,0.002673736599175226
canadian contemporary country,COUNTRY,5,6,30,0,4.3925383152392097e-4,4.392538315239204e-4
ebm,ELECTRONIC,4,7,30,948,2.9280983514370457e-4,2.928098351437048e-4
psychedelic doom,ROCK,3,8,30,0,1.3765735019152241e-4,1.3765735019152263e-4
pagan black metal,METAL,2,12,30,2,4.4298467658818354e-4,4.429846765881834e-4
uk dance,ELECTRONIC,3,9,30,0,4.7013968004593477e-4,4.7013968004593456e-4
canadian ccm,R&B,3,8,29,0,4.5682466451201775e-5,4.568246645120224e-5
trance,ELECTRONIC,3,7,29,0,7.471022010909219e-5,7.47102201090923e-5
moombahton,ELECTRONIC,3,9,29,0,3.100822595407035e-4,3.100822595407023e-4
symphonic black metal,METAL,2,10,29,0,6.231797282367895e-4,6.231797282367892e-4
gospel r&b,R&B,17,5,29,0,2.484358761727509e-4,2.484358761727519e-4
k-pop,POP,10,7,28,4728,2.2313266467336568e-4,2.231326646733652e-4
british singer-songwriter,FOLK,4,8,28,0,0.004655747730203955,0.004655747730203953
chicago house,ELECTRONIC,8,9,28,0,4.33834984735051e-4,4.3383498473505025e-4
chaotic hardcore,ROCK,3,9,28,0,1.598800927991523e-4,1.598800927991513e-4
folk punk,ROCK,4,9,28,948,4.640843790782938e-4,4.640843790782931e-4
piedmont blues,ELECTRONIC,2,11,28,0,0.0042937763879922495,0.004293776387992248
omaha indie,ROCK,2,11,28,0,0.00432530138735848,0.004325301387358478
corrido,OTHER,1,7,28,0,1.7682138062992143e-8,1.7682138062214554e-8
corridos bélicos,OTHER,1,7,28,0,1.768213806374751e-8,1.7682138062212036e-8
corridos tumbados,OTHER,1,7,28,0,1.7682138062470192e-8,1.7682138062216294e-8
música mexicana,OTHER,1,7,28,0,1.7682138062597482e-8,1.768213806221587e-8
shred,OTHER,3,7,28,0,0.0018564955760825288,0.0018564955760825264
ska revival,REGGAE,4,9,28,0,0.0022119587601599675,0.002211958760159965
tejano,LATIN,3,8,28,0,6.565304248785137e-6,6.565304248784114e-6
alternative pop rock,POP,10,4,27,0,2.3805187525544904e-4,2.3805187525544866e-4
abstract hip hop,HIP HOP,13,7,27,0,2.1012473908741414e-4,2.1012473908741498e-4
post-post-hardcore,ROCK,4,6,27,0,1.094015083925822e-4,1.0940150839258284e-4
canadian hip hop,HIP HOP,7,8,27,0,7.010073730516352e-4,7.010073730516365e-4
mpb,LATIN,5,9,27,11717.5,2.0572977658658638e-6,2.0572977658662043e-6
florida death metal,METAL,2,9,27,0,0.001525543723825841,0.0015255437238258398
new orleans blues,BLUES,2,11,27,0,0.0017622329865812306,0.0017622329865812306
breakbeat,ELECTRONIC,5,7,26,0,4.709741958058202e-4,4.7097419580582016e-4
bass trap,HIP HOP,7,5,26,0,3.79450825642924e-5,3.794508256429238e-5
hardcore techno,ELECTRONIC,3,7,26,0,1.8862570777968983e-4,1.8862570777968788e-4
orgcore,ROCK,1,7,26,0,3.498023244093067e-4,3.498023244093066e-4
electropowerpop,POP,5,9,26,0,4.085886376769111e-4,4.0858863767691153e-4
popping,POP,2,9,26,0,0.00117352982720038,0.0011735298272003817
seattle indie,ROCK,2,8,26,0,0.004912794120320832,0.0049127941203208295
vancouver indie,ROCK,1,11,26,0,0.004207436003333316,0.0042074360033333156
celtic,FOLK,14,6,25,1016,2.6683836389399845e-5,2.6683836389398775e-5
chicago drill,HIP HOP,4,8,25,0,4.293524750689293e-4,4.2935247506892916e-4
teen pop,POP,3,6,25,0,7.057468412684895e-4,7.057468412684899e-4
riddim,ELECTRONIC,5,6,25,0,1.3857611824203648e-6,1.3857611824209624e-6
psychedelic blues-rock,ROCK,6,6,24,0,0.006989905098020818,0.006989905098020819
opera,CLASSICAL,5,5,24,13057,4.420909649524702e-6,4.420909649522601e-6
modern ska punk,ROCK,4,6,24,0,2.561761311017152e-4,2.561761311017151e-4
gothic symphonic metal,METAL,3,6,24,0,1.6266835092940273e-4,1.6266835092940374e-4
neo-trad metal,METAL,2,6,24,0,0.002007019773596377,0.0020070197735963767
beach music,R&B,14,9,24,0,0.0010104415776734602,0.0010104415776734594
grave wave,OTHER,2,10,24,0,0.0012900652447441006,0.0012900652447441006
nc hip hop,HIP HOP,5,7,24,0,4.4687098530761185e-4,4.468709853076121e-4
canadian punk,ROCK,3,9,24,1,8.992281990820913e-4,8.992281990820905e-4
trap latino,HIP HOP,3,6,24,0,1.3024251623767039e-5,1.3024251623767034e-5
world,FOLK,3,8,24,4740.5,3.3303840965394717e-6,3.330384096539792e-6
sad sierreño,OTHER,1,7,24,0,1.329840863491924e-8,1.3298408631931004e-8
symphonic metal,METAL,3,6,24,0,1.4905863263819715e-4,1.490586326381964e-4
contemporary gospel,R&B,18,3,23,0,2.999890596216196e-6,2.9998905962164767e-6
ballroom,OTHER,6,5,23,0,8.036144410451766e-4,8.03614441045178e-4
deep regional mexican,LATIN,5,5,23,0,1.2912976397326662e-7,1.2912976397143157e-7
nyc rap,HIP HOP,13,7,23,0,5.877710447888567e-4,5.877710447888587e-4
boston metal,METAL,4,8,23,0,6.01373782131202e-4,6.013737821312013e-4
gothenburg metal,METAL,2,8,23,0,8.416047589425143e-4,8.416047589425154e-4
irish singer-songwriter,FOLK,2,7,23,0,0.002947997211444932,0.002947997211444931
nashville singer-songwriter,COUNTRY,2,9,23,0,0.005478194856314513,0.005478194856314511
toronto rap,HIP HOP,3,7,23,0,6.545487874996457e-4,6.545487874996467e-4
progressive jazz fusion,JAZZ,3,9,23,0,1.907453896753873e-4,1.9074538967538758e-4
australian electropop,POP,2,11,23,0,0.0012564553464684645,0.0012564553464684634
jazz electric bass,JAZZ,4,4,22,0,3.2882877991184016e-4,3.2882877991183957e-4
nu-metalcore,METAL,2,6,22,0,1.2327375982689324e-4,1.2327375982689148e-4
miami bass,R&B,12,4,22,0,7.139417844141887e-5,7.139417844141768e-5
jazz drums,JAZZ,4,9,22,0,1.4737274183830348e-4,1.4737274183830283e-4
german rock,ROCK,2,10,22,0,0.006748243995915852,0.006748243995915849
alternative americana,COUNTRY,4,11,22,0,0.00425175908522461,0.0042517590852246085
technical deathcore,METAL,2,7,22,0,6.402382944165123e-5,6.402382944165028e-5
german hard rock,ROCK,3,6,21,0,0.005794555580594034,0.005794555580594029
ninja,OTHER,2,6,21,0,1.6198882986173682e-4,1.6198882986173606e-4
modern reggae,REGGAE,4,6,21,0,1.127761937517167e-6,1.1277619375160677e-6
deep groove house,ELECTRONIC,3,8,21,0,1.5534739959617916e-4,1.5534739959617938e-4
nwothm,ROCK,2,6,21,0,0.0018581359404208945,0.0018581359404208938
irish rock,ROCK,5,9,21,0,0.004801192231692185,0.004801192231692182
memphis blues,BLUES,1,10,21,0,0.002117345596064558,0.0021173455960645585
praise,R&B,7,2,21,0,2.6700881373494796e-6,2.670088137349484e-6
sertanejo universitario,LATIN,3,5,21,1436.1666666666665,1.3928158222796384e-9,1.3928158220773844e-9
riot grrrl,ROCK,2,10,21,0,0.0023492936556988265,0.002349293655698826
chicago punk,ROCK,5,7,20,0,3.370531724431727e-4,3.370531724431732e-4
louisiana metal,METAL,2,7,20,0,5.158696911339825e-4,5.158696911339816e-4
bounce,ELECTRONIC,5,7,20,0,3.7618093542164926e-4,3.761809354216483e-4
deep house,ELECTRONIC,2,9,20,0,7.919649080330749e-5,7.919649080330725e-5
shiver pop,POP,2,10,20,0,0.002610238841576303,0.002610238841576302
bachata,LATIN,7,4,19,0,1.8234695832992834e-5,1.8234695832992858e-5
dirty texas rap,HIP HOP,8,4,19,0,2.1852052235849518e-4,2.1852052235849607e-4
movie tunes,CLASSICAL,6,4,19,6,1.8785861631413235e-5,1.8785861631412253e-5
new age,NEW AGE,8,7,19,4724,0.0021163237517210203,0.002116323751721018
alabama rap,HIP HOP,5,7,19,0,4.2167061459450226e-4,4.2167061459450275e-4
birmingham metal,METAL,3,6,19,0,0.0068578471557486954,0.006857847155748691
finnish metal,METAL,2,7,19,0,4.058280890032969e-4,4.0582808900329606e-4
soca,REGGAE,6,3,19,0,2.513749077731332e-6,2.513749077730482e-6
uplifting trance,ELECTRONIC,2,5,19,0,1.8141316748130333e-5,1.8141316748129375e-5
twee pop,POP,3,7,19,0,0.0027875486021344924,0.0027875486021344924
sierreño,OTHER,1,7,19,0,8.89999382228211e-9,8.899993821739766e-9
alabama metal,METAL,6,6,18,0,6.850371267514671e-5,6.850371267514555e-5
p funk,R&B,6,5,18,0,9.110518362489559e-4,9.110518362489583e-4
black thrash,METAL,2,7,18,0,5.814978627684473e-4,5.814978627684467e-4
native american,FOLK,2,7,18,0,0.006511311370240312,0.00651131137024031
funk carioca,R&B,4,6,18,2848,1.288230469633741e-11,1.2882305214539532e-11
delta blues,BLUES,2,7,18,0,0.0027172301963856206,0.002717230196385621
folktronica,ELECTRONIC,2,9,18,0,0.0011352891524081447,0.0011352891524081447
nyc pop,POP,4,8,18,0,0.0012695806996652712,0.0012695806996652712
christian trap,HIP HOP,11,2,18,0,3.4017428821486406e-6,3.401742882147807e-6
southern soul blues,R&B,4,5,18,0,5.792748413280065e-4,5.792748413280061e-4
space age pop,POP,5,6,18,0,2.103649082055837e-4,2.1036490820558427e-4
swedish americana,COUNTRY,1,7,18,0,0.0031686153797375453,0.0031686153797375436
nintendocore,ROCK,2,6,17,0,2.054649588212336e-4,2.0546495882123254e-4
brit funk,R&B,7,7,17,0,7.310380585856257e-4,7.310380585856267e-4
deep christian rock,ROCK,3,4,17,0,2.557524688145175e-5,2.5575246881450357e-5
jamgrass,FOLK,2,5,17,0,0.0015794895789438587,0.0015794895789438582
uk worship,R&B,2,6,17,0,1.955331456385298e-5,1.9553314563852736e-5
finnish death metal,METAL,2,7,17,0,3.70472233373411e-4,3.7047223337341077e-4
pagode,LATIN,3,7,17,2815.666666666667,6.906505829093682e-7,6.906505829080256e-7
drum and bass,ELECTRONIC,2,7,17,0,1.0827692856805428e-4,1.082769285680539e-4
comic metal,METAL,3,7,17,0,0.0021790417152503837,0.002179041715250381
salsa international,LATIN,3,6,17,0,1.985689289582995e-6,1.9856892895825947e-6
quebec indie,ROCK,2,7,17,0,0.002883731521707099,0.002883731521707098
sacramento indie,ROCK,2,7,17,0,0.003822480910921181,0.0038224809109211775
spanish pop rock,POP,4,5,17,0,1.0821894093095466e-5,1.0821894093094604e-5
smooth saxophone,OTHER,6,3,17,0,5.038613004587232e-5,5.038613004587193e-5
trap soul,HIP HOP,2,6,17,0,4.552591948238045e-4,4.5525919482380505e-4
swedish singer-songwriter,FOLK,3,7,17,0,0.0023287301718503627,0.002328730171850362
jazz organ,JAZZ,4,4,16,0,1.3101655644905e-4,1.3101655644905027e-4
emo rap,HIP HOP,6,4,16,0,3.22429297776505e-5,3.224292977765022e-5
jump blues,BLUES,3,6,16,0,3.9325771786966084e-4,3.932577178696604e-4
colombian pop,POP,5,6,16,0,2.636285408507755e-4,2.6362854085077586e-4
metal guitar,METAL,2,6,16,0,0.0017480977157850561,0.0017480977157850546
canadian post-hardcore,ROCK,3,7,16,0,1.9760404104004917e-4,1.9760404104004898e-4
outsider,OTHER,3,8,16,0,0.0027028297693670986,0.002702829769367097
swamp pop,POP,6,8,16,948,0.0016186000329239387,0.0016186000329239383
bolero,LATIN,9,4,15,0,9.402758398830965e-6,9.402758398830997e-6
melodic deathcore,METAL,4,3,15,0,6.0305478358813294e-5,6.0305478358812745e-5
instrumental funk,R&B,5,5,15,0,4.476477344840441e-4,4.476477344840451e-4
hopebeat,OTHER,4,4,15,0,0.002008129887081653,0.002008129887081651
minnesota hip hop,HIP HOP,5,5,15,0,9.469547210892736e-5,9.469547210892692e-5
piano blues,BLUES,2,7,15,0,4.696163471548143e-4,4.6961634715481446e-4
krautrock,ROCK,3,6,15,0,0.0017952460068534062,0.0017952460068534043
goregrind,METAL,2,6,15,0,3.1791590041359513e-4,3.1791590041359405e-4
melodic hard rock,ROCK,4,4,15,0,0.003346331597941197,0.003346331597941196
tribal house,ELECTRONIC,2,4,14,0,8.937328165188721e-6,8.937328165188997e-6
idol,POP,21,5,14,0,8.770229243907311e-4,8.770229243907319e-4
deep underground hip hop,HIP HOP,6,5,14,0,2.7645008695671003e-4,2.764500869567106e-4
la pop,POP,3,6,14,0,7.588748146487064e-4,0.00075887481464870525
folk metal,METAL,2,6,14,0,2.3291838564727427e-4,2.3291838564727443e-4
dubstep,ELECTRONIC,2,5,14,0,1.901047185433946e-5,1.9010471854339742e-5
progressive sludge,METAL,2,6,14,0,2.9105247693264955e-4,2.9105247693264987e-4
oxford indie,ROCK,2,6,14,0,0.0038993513918875434,0.0038993513918875408
jazz double bass,JAZZ,2,7,14,0,6.0521371653433674e-5,6.052137165343298e-5
new orleans jazz,JAZZ,2,6,14,0,3.1750467975416854e-5,3.1750467975416176e-5
idaho indie,ROCK,1,7,14,0,0.002328112830877717,0.0023281128308777163
collage pop,POP,1,7,14,0,0.0014745445541495528,0.0014745445541495532
albuquerque indie,ROCK,2,7,14,0,0.0026858041951737916,0.0026858041951737907
christelijk,OTHER,1,7,14,0,1.4278461771301048e-5,1.4278461771300377e-5
norwegian black metal,METAL,2,7,14,0,2.2002056564312544e-4,2.2002056564312533e-4
norwegian metal,METAL,2,7,14,0,2.2002056564312595e-4,2.2002056564312533e-4
lgbtq+ hip hop,HIP HOP,4,5,14,0,2.3921177454085425e-4,2.392117745408547e-4
electro corridos,OTHER,1,7,14,0,8.844034561933483e-9,8.844034561248632e-9
southern gospel,R&B,12,2,14,0,2.6507531998255616e-4,2.6507531998255557e-4
irish folk,FOLK,7,2,14,0,1.6553295621854042e-5,1.6553295621853354e-5
uk metalcore,METAL,2,4,14,0,7.344652486204913e-5,7.344652486204888e-5
sheffield indie,ROCK,1,5,14,0,0.004004803148228939,0.004004803148228936
welsh rock,ROCK,2,7,14,0,0.003894914138246375,0.003894914138246371
psychobilly,ROCK,3,4,13,0,5.290915635133344e-4,5.290915635133337e-4
dark trap,HIP HOP,6,4,13,0,2.822967755891784e-5,2.8229677558917806e-5
healing,NEW AGE,7,4,13,2838,7.056486595966029e-6,7.056486595965227e-6
australian metalcore,METAL,3,3,13,0,7.750014796757396e-5,7.750014796757327e-5
boston hardcore,ROCK,2,5,13,0,1.4516778106908683e-5,1.4516778106908436e-5
deep melodic metalcore,METAL,1,5,13,0,5.6510161750692165e-5,5.65101617506911e-5
ambient,ELECTRONIC,4,6,13,0,1.0227277851689331e-4,1.0227277851689285e-4
denton tx indie,ROCK,1,6,13,0,0.0020164000081337305,0.002016400008133729
experimental hip hop,HIP HOP,3,5,13,0,3.154667811743389e-4,3.154667811743393e-4
cantautor,FOLK,3,6,13,0,6.6439511541491675e-6,6.643951154148665e-6
ethereal wave,ELECTRONIC,2,6,13,0,9.594623101019704e-4,9.594623101019702e-4
new orleans funk,R&B,2,5,13,0,4.328257881395594e-4,0.00043282578813955965
nz pop,POP,1,6,13,0,5.543326561628815e-4,5.543326561628824e-4
scandipop,POP,2,6,13,0,3.4349767341715115e-4,3.4349767341715137e-4
samba,LATIN,4,4,13,0,1.7156062530454434e-6,1.715606253044602e-6
deep soft rock,ROCK,21,1,12,0,0.001051962708442904,0.0010519627084429036
sertanejo pop,POP,2,3,12,0,8.061992938759557e-12,8.06199291037116e-12
sertanejo,LATIN,3,3,12,0,9.267235030835636e-10,9.267235026670646e-10
classical tenor,CLASSICAL,4,3,12,0,3.1617915462650616e-6,3.1617915462643293e-6
oi,ROCK,2,4,12,0,2.2452838839284804e-4,2.2452838839284717e-4
latin rock,ROCK,2,5,12,0,4.7426573216985066e-6,4.742657321698957e-6
nyhc,ROCK,2,5,12,0,3.291341207500084e-4,3.2913412075000887e-4
forro,LATIN,3,5,12,0,6.906465658600012e-7,6.906465658598022e-7
canadian hardcore,ROCK,3,5,12,0,4.474307531474433e-5,4.474307531474442e-5
american shoegaze,ROCK,2,6,12,0,3.9796169176400904e-4,3.9796169176400936e-4
dreamgaze,OTHER,2,6,12,0,3.979616917640101e-4,3.9796169176400925e-4
jazztronica,JAZZ,1,6,12,0,3.1956501379973784e-4,3.195650137997385e-4
el paso indie,ROCK,2,6,12,0,0.0014232900435037059,0.0014232900435037048
norwegian pop,POP,3,5,12,0,3.554768383177841e-4,3.554768383177835e-4
danish metal,METAL,2,6,12,0,0.001944869089752694,0.001944869089752693
canadian electropop,POP,1,6,12,0,4.6438465634297696e-4,4.6438465634297696e-4
afrobeats,OTHER,1,4,12,0.5,3.1974953927388576e-6,3.197495392738338e-6
k-pop girl group,POP,3,3,12,0,1.6773389238871383e-4,1.6773389238871345e-4
swedish hard rock,ROCK,2,5,12,0,0.004114740602371695,0.004114740602371692
washington indie,ROCK,1,6,12,0,0.0023023213395912865,0.0023023213395912856
canadian contemporary r&b,R&B,4,4,11,0,4.35794128220608e-4,4.3579412822060865e-4
catstep,ELECTRONIC,2,4,11,0,2.0144857988370552e-5,2.0144857988370034e-5
cowpunk,ROCK,6,4,11,0,0.0021418900821137195,0.0021418900821137186
dutch prog,ROCK,2,5,11,0,0.0024515676046512817,0.002451567604651281
modern salsa,LATIN,3,4,11,0,8.061179807227272e-6,8.061179807227218e-6
melodic rap,OTHER,1,3,11,0,3.464024191971537e-4,3.464024191971551e-4
deep east coast hip hop,HIP HOP,8,2,10,0,1.0656202614615478e-4,1.0656202614615507e-4
acid house,ELECTRONIC,7,3,10,0,6.147170476509754e-5,6.14717047650971e-5
clean comedy,OTHER,6,2,10,0,5.3332993746071235e-5,5.33329937460711e-5
flamenco,LATIN,6,3,10,1894,4.441841385352428e-9,4.4418413853537135e-9
axe,LATIN,4,4,10,1.3333333333333333,5.509080290919348e-9,5.509080290243124e-9
grunge pop,POP,6,4,10,0,9.770556819984275e-4,9.770556819984277e-4
horror punk,ROCK,6,4,10,0,2.236684945018964e-4,2.2366849450189622e-4
ambient folk,ELECTRONIC,4,4,10,0,0.0017395931921356442,0.0017395931921356438
boston punk,ROCK,3,4,10,0,1.4770170921519403e-4,1.4770170921519422e-4
mod revival,ROCK,2,4,10,0,0.0018723163764290235,0.0018723163764290222
swedish alternative rock,ROCK,2,4,10,948,0.0011942973589261414,0.0011942973589261405
north carolina indie,ROCK,1,5,10,0,0.0016844078117440148,0.0016844078117440144
power thrash,METAL,1,5,10,0,4.078271283593261e-4,4.0782712835932576e-4
smooth soul,R&B,3,4,10,0,2.775638530449853e-4,2.7756385304498614e-4
brighton indie,ROCK,2,5,10,0,0.00231585839129968,0.0023158583912996776
avantgarde metal,METAL,2,5,10,948,1.7122038567823183e-5,1.712203856782313e-5
italian progressive rock,ROCK,2,5,10,0,0.0011869022861253702,0.0011869022861253694
icelandic pop,POP,1,5,10,0,5.97612336851648e-4,5.976123368516481e-4
eau claire indie,ROCK,2,5,10,0,0.0017568462859469335,0.0017568462859469333
uk funky,ELECTRONIC,2,5,10,0,2.526513857567058e-4,2.526513857567058e-4
indy indie,ROCK,2,5,10,0,9.440731980752248e-4,9.44073198075224e-4
ragga,OTHER,1,3,10,0,1.1660695431230421e-7,1.1660695431193462e-7
orchestra,CLASSICAL,5,2,10,0,1.189122042140803e-10,1.1891220364462063e-10
korean pop,POP,5,2,10,948,1.042181228149692e-6,1.0421812281499475e-6
theme,OTHER,5,3,10,0,6.350440506576895e-7,6.35044050657391e-7
post-disco soul,ROCK,3,3,10,0,4.347266826264152e-4,4.347266826264153e-4
rare groove,JAZZ,12,4,10,0,3.6466795359999036e-4,3.6466795359999064e-4
spiritual jazz,JAZZ,1,5,10,0,1.8027104398315956e-5,1.8027104398315536e-5
western mass indie,ROCK,1,5,10,0,0.0012110498097781014,0.0012110498097781014
n,OTHER,1,5,10,0,3.0315175621674773e-4,3.031517562167476e-4
urbano latino,OTHER,1,3,10,0,4.525796681994292e-6,4.5257966819942135e-6
baile pop,POP,8,3,9,4695,2.743891125870052e-9,2.743891125618743e-9
merengue,LATIN,2,3,9,0,8.889151548653964e-6,8.889151548653317e-6
free improvisation,JAZZ,3,3,9,0,2.4141828459210027e-6,2.414182845921169e-6
ragtime,JAZZ,2,4,9,0,9.146127872138427e-6,9.146127872137624e-6
rap latina,HIP HOP,2,4,9,0,1.0050894084207671e-4,1.005089408420765e-4
drone,AVANT-GARDE,2,4,9,0.3333333333333333,1.2445744513072219e-5,1.2445744513071845e-5
swamp blues,BLUES,1,4,9,0,2.79186404062871e-4,2.791864040628709e-4
grindcore,METAL,1,4,9,0,3.011635740113349e-5,3.011635740113325e-5
texas pop punk,ROCK,1,3,9,0,1.772932242427899e-4,1.7729322424278986e-4
stomp pop,POP,1,3,9,0,0.0023015681905512887,0.002301568190551285
wonky,ELECTRONIC,2,4,9,0,9.250071952047154e-5,9.250071952047169e-5
classical soprano,CLASSICAL,6,2,8,0,1.2758324653897347e-6,1.2758324653901458e-6
mande pop,POP,3,2,8,0,8.497627696761479e-7,8.497627696757938e-7
disney,CLASSICAL,4,3,8,0,4.103890577099596e-5,4.103890577099586e-5
boston hip hop,HIP HOP,4,3,8,0,1.482433110308052e-4,1.4824331103080522e-4
chanson,POP,10,3,8,1895,1.2581538721141782e-6,1.258153872114682e-6
kirtan,NEW AGE,3,3,8,0,1.4157910283335477e-8,1.4157910283257136e-8
canadian electronic,ELECTRONIC,1,3,8,0,1.773728368020903e-5,1.773728368020896e-5
celtic punk,ROCK,1,3,8,0,1.3494849924180794e-4,1.3494849924180783e-4
dmv rap,HIP HOP,1,3,8,0,2.645093804134243e-4,2.64509380413425e-4
dfw rap,HIP HOP,3,3,8,0,2.0900623289077738e-4,2.090062328907771e-4
mariachi,LATIN,2,3,8,0,2.039645176215037e-6,2.039645176215237e-6
microhouse,ELECTRONIC,1,4,8,0,2.5487103490459234e-4,2.5487103490459277e-4
german dance,ELECTRONIC,2,4,8,0,2.288657223431625e-4,2.2886572234316242e-4
meditation,NEW AGE,3,3,8,0,1.4157910283277377e-8,1.415791028325725e-8
english indie rock,ROCK,2,4,8,0,0.001357141895727587,0.001357141895727587
chicago pop punk,ROCK,2,4,8,0,9.506631186775603e-5,9.506631186775622e-5
australian psych,OTHER,1,4,8,0,0.002023225825027619,0.002023225825027618
cyberpunk,ROCK,3,4,8,0,2.33744890043556e-4,2.3374489004355614e-4
swedish doom metal,METAL,1,4,8,0,2.453396380175324e-4,2.453396380175324e-4
dark cabaret,OTHER,2,4,8,0,6.747660501523134e-4,6.747660501523132e-4
dutch metal,METAL,2,4,8,0,3.1402451399099016e-5,3.140245139909848e-5
aussietronica,ELECTRONIC,3,4,8,0,1.837098680916465e-5,1.8370986809164685e-5
electro latino,LATIN,1,4,8,0,6.2983438511018534e-6,6.298343851101763e-6
afro r&b,OTHER,1,3,8,0,2.3467371728333234e-6,2.3467371728334237e-6
dance,OTHER,1,2,8,0,1.298696683999257e-4,1.2986966839992562e-4
orchestral performance,CLASSICAL,5,2,8,0,1.0186647609622795e-10,1.0186647586408412e-10
vintage italian soundtrack,CLASSICAL,5,2,8,0,6.105951285456391e-7,6.105951285458827e-7
rumba,LATIN,5,2,8,0,1.482818276412669e-11,1.4828182617679124e-11
reggae rock,ROCK,7,3,8,948,9.823921300944955e-5,9.823921300944956e-5
thrash core,METAL,3,3,8,0,1.0355849978414198e-4,1.035584997841419e-4
vintage jazz,JAZZ,2,4,8,0,8.834687734703893e-6,8.834687734704233e-6
sci-fi metal,METAL,1,4,8,0,1.8835861042605405e-5,1.883586104260559e-5
uk reggae,REGGAE,2,4,8,0,9.59413667372016e-7,9.59413667372105e-7
virginia metal,METAL,2,4,8,0,6.165147295560007e-4,6.165147295560009e-4
welsh metal,METAL,2,4,8,0,6.312077916867201e-4,6.312077916867206e-4
steampunk,ROCK,2,4,8,0,6.747660501523132e-4,6.747660501523132e-4
new beat,ELECTRONIC,1,4,8,0,8.400242176342468e-5,8.400242176342402e-5
trap,OTHER,1,2,8,0,2.6027783864473965e-4,2.6027783864474084e-4
a cappella,POP,15,3,7,1895,5.244582344877432e-6,5.244582344877204e-6
brazilian hip hop,HIP HOP,7,3,7,948,1.7204531558851094e-14,1.7204302685699303e-14
italian soundtrack,CLASSICAL,4,2,7,0,4.889151535894938e-7,4.889151535893393e-7
latin alternative,ROCK,3,3,7,0,2.654395463175879e-6,2.654395463175789e-6
alabama indie,ROCK,2,3,7,0,0.0013735961762672535,0.0013735961762672527
c86,ROCK,6,3,7,0,5.423422631248524e-4,5.423422631248521e-4
gothic alternative,ROCK,2,3,7,0,1.4902745981862729e-5,1.490274598186246e-5
classic swedish pop,POP,8,3,7,948,7.398920569063389e-5,7.398920569063366e-5
french soundtrack,CLASSICAL,3,3,7,0,5.700840164241526e-7,5.700840164238003e-7
technical thrash,METAL,1,3,7,0,1.191546620406004e-4,1.1915466204059986e-4
deep freestyle,ELECTRONIC,7,1,6,0,1.2151059071734769e-5,1.2151059071734533e-5
horrorcore,HIP HOP,5,2,6,0,1.6682912691770902e-4,1.66829126917709e-4
classic schlager,POP,5,2,6,0,0,3.2970479165402977e-22
flamenco guitar,LATIN,3,2,6,0,8.915872275776712e-12,8.915872277010556e-12
j-pop girl group,POP,2,2,6,0,7.819552800263483e-7,7.819552800260957e-7
christian hard rock,ROCK,2,2,6,0,2.2796915592191602e-5,2.2796915592191606e-5
duluth indie,ROCK,1,3,6,0,0.001129034023616015,0.0011290340236160144
australian indie,ROCK,4,3,6,0,1.815243699814512e-5,1.8152436998144822e-5
bass house,ELECTRONIC,3,3,6,0,2.0958871143685808e-5,2.095887114368575e-5
dutch hip hop,HIP HOP,2,3,6,2,3.8554332466893513e-20,1.4546691766068962e-22
bboy,HIP HOP,3,3,6,0,1.0424508555055221e-4,1.0424508555055259e-4
boogie-woogie,JAZZ,1,3,6,0,2.90992850547431e-4,2.909928505474307e-4
focus,OTHER,2,2,6,0,3.0048759718053848e-6,3.004875971805213e-6
canzone napoletana,OTHER,1,3,6,0,1.2682569427269625e-6,1.2682569427269144e-6
rock cristiano,ROCK,1,3,6,0,1.0149763426561538e-5,1.0149763426561655e-5
classic psychedelic rock,ROCK,2,3,6,0,6.466544996189995e-4,6.466544996189994e-4
italian disco,ELECTRONIC,6,3,6,0,1.2493910276883917e-4,1.2493910276883914e-4
uk contemporary r&b,R&B,1,3,6,0,1.340064719083597e-4,1.3400647190835985e-4
rhode island indie,ROCK,1,3,6,0,8.368666411760501e-4,8.368666411760499e-4
auckland indie,ROCK,1,3,6,0,2.8222236395241676e-4,2.822223639524169e-4
canadian pop punk,ROCK,1,3,6,0,2.619059696130307e-4,2.619059696130311e-4
cedm,ELECTRONIC,1,3,6,0,4.997501156855024e-6,4.99750115685487e-6
buffalo ny metal,METAL,3,3,6,0,3.6609269180920305e-5,3.660926918092055e-5
instrumental math rock,ROCK,2,3,6,0,2.360660110758011e-5,2.360660110757973e-5
glitch,ELECTRONIC,1,3,6,0,1.1650668659613839e-5,1.1650668659613876e-5
soul flow,R&B,2,3,6,0,8.50912826163023e-5,8.509128261630264e-5
pop reggaeton,POP,1,3,6,0,6.003223240000541e-6,6.003223240000334e-6
pittsburgh rap,HIP HOP,2,3,6,0,1.9814562129944225e-4,1.981456212994428e-4
afropiano,OTHER,1,3,6,0,1.70463798546586e-6,1.704637985465842e-6
deep contemporary country,COUNTRY,5,1,6,0,2.7101897380912628e-5,2.7101897380912353e-5
strut,OTHER,3,2,6,0,3.172802250266906e-4,3.172802250266907e-4
minimal,ELECTRONIC,1,3,6,0,1.1562184191449708e-5,1.1562184191449335e-5
vapor twitch,ELECTRONIC,1,3,6,0,5.221357987153118e-6,5.2213579871532095e-6
tracestep,ELECTRONIC,2,3,6,0,8.165609496650533e-6,8.165609496650335e-6
new england americana,COUNTRY,1,3,6,0,0.0010544227940536735,0.001054422794053673
shamanic,NEW AGE,2,3,6,0,9.44908785808945e-9,9.449087857827736e-9
melbourne bounce,ELECTRONIC,1,3,6,0,1.4406013343057186e-5,1.4406013343056939e-5
glitch hop,ELECTRONIC,1,3,6,0,1.1650668659613658e-5,1.1650668659613876e-5
antiviral pop,POP,6,1,5,0,5.2423465535679257e-5,5.242346553567916e-5
australian alternative rock,ROCK,6,1,5,0,4.691291127918817e-5,4.691291127918801e-5
deep southern soul,R&B,10,1,5,0,1.0189222634400825e-4,1.018922263440082e-4
jazz vibraphone,JAZZ,2,2,5,0,2.9790296795698408e-5,2.9790296795698394e-5
j-pop,POP,2,2,5,0,1.0111425259106948e-19,0
channel pop,POP,4,2,5,0,5.138666949724786e-5,5.138666949724784e-5
chillhop,ELECTRONIC,4,2,5,948,1.1142856882282922e-5,1.1142856882282873e-5
filmi,CLASSICAL,1,2,5,0,0,3.0640172308373524e-22
classic praise,R&B,3,2,5,0,3.399952556094291e-6,3.399952556094411e-6
german soundtrack,CLASSICAL,5,2,5,0,2.6560403161703136e-8,2.6560403161366057e-8
k-indie,ROCK,3,2,5,0,2.9967972578576314e-7,2.9967972578574636e-7
dixieland,JAZZ,1,2,5,0,7.739496245694972e-7,7.73949624569136e-7
deep new wave,ROCK,10,2,5,0,5.136005138226582e-4,5.136005138226578e-4
new jersey punk,ROCK,1,2,5,0,9.33873581315473e-5,9.338735813154702e-5
modern bollywood,CLASSICAL,1,2,5,0,9.690680220620185e-20,1.125330375017432e-22
liquid funk,R&B,1,2,5,0,1.5609923830218727e-5,1.56099238302185e-5
schlager,POP,3,2,5,0,1.6480555864573247e-19,0
latin talent show,LATIN,2,2,5,0,2.981067056407651e-6,2.981067056407683e-6
j-rock,ROCK,2,2,5,0,0,2.0228597783801007e-22
volksmusik,FOLK,3,2,5,0,0,2.1980319443601983e-22
world fusion,JAZZ,1,2,5,948,6.662673012694913e-9,6.662673012313165e-9
uk americana,COUNTRY,1,2,5,0,0.0014440717344139811,0.001444071734413981
funk das antigas,R&B,2,2,5,0,3.685332932400846e-12,3.685333172180241e-12
scottish singer-songwriter,FOLK,2,2,5,0,8.49608741780056e-4,8.496087417800557e-4
azonto,FOLK,2,2,5,0,6.312212843693832e-7,6.312212843694389e-7
electro swing,JAZZ,4,1,4,0,1.1145315176691318e-6,1.1145315176692174e-6
adoracao,OTHER,3,2,4,0,0,2.222712849650608e-22
brazilian gospel,LATIN,2,2,4,0,0,2.222712849650608e-22
afro dancehall,REGGAE,2,2,4,0,4.212814782975192e-7,4.2128147829777087e-7
anime,OTHER,2,2,4,0,0,1.3485731855867337e-22
avant-garde,AVANT-GARDE,3,2,4,0,1.0952322080676697e-6,1.0952322080674717e-6
basshall,ELECTRONIC,3,2,4,0,0,1.8640518857162907e-22
jazz cubano,LATIN,1,2,4,0,1.2452784484832685e-7,1.2452784484810643e-7
louvor,R&B,1,2,4,0,4.720210685857921e-6,4.720210685857867e-6
horror synth,ELECTRONIC,2,2,4,0,2.553776676791632e-7,2.5537766767889925e-7
family gospel,R&B,2,2,4,0,4.4522857421598116e-5,4.452285742159805e-5
military rap,HIP HOP,2,2,4,0,8.806716468627351e-6,8.806716468627414e-6
deep tropical house,LATIN,2,2,4,0,2.2811859797013753e-5,2.281185979701384e-5
epic doom,METAL,1,2,4,0,2.880659509997438e-5,2.8806595099974227e-5
future garage,ROCK,1,2,4,0,3.3772955623081764e-4,3.377295562308177e-4
german pop,POP,3,2,4,0,7.058426414156803e-4,7.058426414156798e-4
mexican rock,ROCK,1,2,4,0,2.44294388766304e-7,2.442943887663723e-7
retro soul,R&B,1,2,4,0,2.2035653335768766e-4,2.2035653335768801e-4
dutch rock,ROCK,2,2,4,948,1.028136691736974e-5,1.0281366917369613e-5
alternative roots rock,ROCK,6,2,4,0,2.9404496797235264e-4,2.9404496797235286e-4
uk alternative pop,POP,1,2,4,0,1.1861316347914946e-4,1.1861316347914982e-4
gauze pop,POP,2,2,4,0,1.6245681786663542e-4,1.6245681786663588e-4
south african jazz,JAZZ,1,2,4,0,4.248813848381289e-7,4.248813848378969e-7
midwest rap,OTHER,1,2,4,0,1.2944163250178377e-4,1.2944163250178418e-4
classify,OTHER,5,1,4,0,2.0415126889152482e-5,2.041512688915246e-5
naija worship,R&B,4,1,4,0,7.58881334083848e-7,7.588813340837183e-7
k-pop boy group,POP,4,1,4,0,5.95189541921554e-7,5.951895419214005e-7
new age piano,NEW AGE,4,1,4,0,5.645133876692274e-6,5.645133876692184e-6
rock gospel brasileiro,ROCK,2,2,4,0,1.6665610062475377e-19,0
uk pop punk,ROCK,2,2,4,0,5.570235864279324e-5,5.5702358642793235e-5
laboratorio,OTHER,2,2,4,0,2.268392163960067e-4,2.2683921639600648e-4
dutch urban,HIP HOP,2,2,4,0,1.0120983845807712e-19,5.1420385970039525e-23
pop romantico,POP,2,2,4,0,1.9842772304525083e-6,1.9842772304524956e-6
violin,CLASSICAL,2,2,4,39,1.0207597332086332e-5,1.020759733208638e-5
funk ostentacao,R&B,2,2,4,0,1.720432006332994e-14,1.7204233632940837e-14
zapstep,ELECTRONIC,2,2,4,0,4.936769336884697e-6,4.9367693368847365e-6
sufi,NEW AGE,1,2,4,0,8.437579881021395e-20,1.2924579038799467e-22
vintage french electronic,ELECTRONIC,1,2,4,0,1.4454612898725155e-4,1.4454612898725163e-4
classical piano,CLASSICAL,3,2,4,0,3.409145549986877e-11,3.4091455561073e-11
progressive deathcore,METAL,1,2,4,0,1.555897213206095e-5,1.5558972132060752e-5
olympia wa indie,ROCK,1,2,4,0,2.9635891089596996e-4,2.9635891089596975e-4
electra,ELECTRONIC,1,2,4,0,8.138742052532096e-6,8.13874205253201e-6
mexican hip hop,HIP HOP,2,2,4,0,2.07549218282962e-6,2.075492182829629e-6
vegas indie,ROCK,1,2,4,0,5.2424827160485e-4,5.24248271604849e-4
trash rock,ROCK,2,2,4,0,2.9028387321068644e-4,2.9028387321068655e-4
brazilian edm,LATIN,12,1,3,0,0,2.036956509820928e-22
canadian soundtrack,CLASSICAL,4,1,3,0,1.72962893129336e-8,1.7296289312762447e-8
instrumental post-rock,ROCK,1,1,3,0,1.6932506910320173e-5,1.6932506910320038e-5
comedienne,OTHER,5,1,3,0,5.457169262353401e-7,5.457169262351649e-7
musical theatre,OTHER,1,1,3,0,1.72962893129271e-8,1.7296289312762447e-8
college a cappella,OTHER,3,1,3,0,1.0492145674803553e-8,1.0492145674814545e-8
early modern classical,CLASSICAL,2,1,3,0,3.059183794420814e-13,3.0591811435114524e-13
trap brasileiro,HIP HOP,2,1,3,0,3.465756675542105e-17,3.4418842056836555e-17
nova mpb,LATIN,1,1,3,0,4.115764885969095e-9,4.115764885838513e-9
brazilian house,LATIN,3,1,3,0,1.0181888890785747e-19,0
ontario indie,ROCK,3,1,3,0,3.962120072370494e-5,3.962120072370486e-5
french rock,ROCK,3,1,3,0,2.517022870336847e-9,2.5170228703621304e-9
lo-fi beats,ELECTRONIC,3,1,3,0,2.2292047288855193e-8,2.2292047288897038e-8
gospel rap,HIP HOP,3,1,3,0,9.75404359858287e-8,9.754043598584552e-8
late romantic era,CLASSICAL,3,1,3,0,3.0591821284066695e-13,3.0591811435114524e-13
traditional swing,JAZZ,1,1,3,0,8.435930786762227e-6,8.43593078676231e-6
swedish indie rock,ROCK,1,1,3,0,2.389273548376821e-6,2.389273548376748e-6
australian talent show,POP,3,1,3,0,2.1620693441043573e-5,2.1620693441043586e-5
ye ye,POP,3,1,3,0,2.5170228704293806e-9,2.5170228703621304e-9
acoustic punk,ROCK,3,1,2,0,6.189550270482591e-7,6.189550270482163e-7
american modern classical,CLASSICAL,5,1,2,0,2.0394540765627858e-13,2.0394540956743014e-13
athens indie,ROCK,1,1,2,0,7.103852764602666e-4,7.103852764602665e-4
brazilian rock,ROCK,2,1,2,0,2.7438432572770806e-9,2.7438432572256755e-9
nordic soundtrack,CLASSICAL,2,1,2,0,1.1530859541846596e-8,1.153085954184163e-8
brutal deathcore,METAL,2,1,2,0,1.8440130697875803e-6,1.8440130697876489e-6
bubble trance,ELECTRONIC,3,1,2,0,2.9301915466655214e-6,2.9301915466655654e-6
classic danish pop,POP,3,1,2,0,0,2.010752406302106e-22
canadian celtic,FOLK,3,1,2,0,3.558855979366608e-8,3.558855979370251e-8
swedish tropical house,LATIN,2,1,2,0,1.539330842920997e-5,1.5393308429210042e-5
jamtronica,ELECTRONIC,1,1,2,0,5.164171149415242e-20,7.560525183200857e-23
new french touch,ELECTRONIC,1,1,2,0,4.273479569281171e-6,4.273479569281179e-6
sitar,CLASSICAL,1,1,2,0,8.886088669477574e-12,8.88608869571599e-12
nordic post-rock,ROCK,1,1,2,0,1.1288337940213383e-5,1.1288337940213357e-5
jazz violin,JAZZ,4,1,2,0,2.563221957814166e-5,2.5632219578141634e-5
monastic,CLASSICAL,2,1,2,0,3.0541155131502564e-20,4.289103704135424e-24
bmore,ELECTRONIC,2,1,2,0,9.482750006560621e-5,9.482750006560641e-5
american post-rock,ROCK,1,1,2,0,1.1288337940213408e-5,1.1288337940213357e-5
comedy rock,ROCK,1,1,2,0,2.0969386214271537e-5,2.0969386214271666e-5
british jazz,JAZZ,2,1,2,0,4.637088838218146e-5,4.63708883821815e-5
atmospheric black metal,METAL,2,1,2,0,2.283587279078823e-8,2.2835872790882487e-8
baroque ensemble,CLASSICAL,2,1,2,0,3.388751023274466e-11,3.388751015150557e-11
danish alternative rock,ROCK,1,1,2,0,1.31432941006402e-4,1.314329410064018e-4
danish pop,POP,2,1,2,0,9.482750006560616e-5,9.482750006560641e-5
dutch indie,ROCK,2,1,2,0,1.3712385129407245e-8,1.3712385129342243e-8
jawaiian,REGGAE,3,1,2,0,1.3102284301441023e-7,1.3102284301450505e-7
k-hop,POP,1,1,2,0,2.975947709607978e-7,2.9759477096070027e-7
lds youth,OTHER,1,1,2,0,1.1592228382634141e-4,1.159222838263414e-4
australian country,COUNTRY,2,1,2,0,3.8681820959102156e-5,3.868182095910226e-5
classic italian pop,POP,3,1,2,0,0,0
neo-rockabilly,ROCK,3,1,2,0,9.586698209234223e-5,9.586698209234222e-5
light music,CLASSICAL,4,1,2,0,2.5929987199058894e-5,2.5929987199058992e-5
fidget house,ELECTRONIC,1,1,2,0,4.216578652156493e-6,4.2165786521565246e-6
oakland indie,ROCK,2,1,2,0,9.172770041160424e-6,9.172770041160474e-6
cello,CLASSICAL,1,1,2,0,1.020756344457616e-5,1.020756344457623e-5
post-romantic era,ROCK,1,1,2,0,2.0394539838535326e-13,2.0394540956743014e-13
dansktop,POP,1,1,2,0,1.507635839729928e-19,0
stomp and flutter,OTHER,1,1,2,0,2.693953970654301e-4,2.6939539706543025e-4
wisconsin indie,ROCK,2,1,2,0,2.693953970654301e-4,2.6939539706543025e-4
classical era,CLASSICAL,2,1,2,0,2.0394536597274574e-13,2.0394540956743014e-13
early romantic era,CLASSICAL,2,1,2,0,2.0394540465732066e-13,2.0394540956743014e-13
italo house,ELECTRONIC,1,1,2,0,7.105424037690579e-6,7.105424037690606e-6
dutch pop,POP,4,1,2,0,7.859352692923126e-21,5.1420385970039525e-23
futurepop,POP,1,1,2,0,3.905240676088374e-7,3.905240676087911e-7
livetronica,ELECTRONIC,1,1,2,0,5.668782838528016e-20,6.887518385807767e-23
witch house,ELECTRONIC,1,1,2,0,1.8558055463541696e-4,1.85580554635417e-4
go-go,R&B,2,1,2,0,1.0950823852628136e-4,1.0950823852628161e-4
zydeco,FOLK,1,1,2,0,2.1587467114243384e-6,2.158746711424355e-6
nwocr,ROCK,2,1,2,0,9.393290764288374e-6,9.393290764288379e-6
rosary,OTHER,2,1,2,0,3.215913826290062e-21,4.0733113099059495e-23
christian a cappella,R&B,2,1,2,0,6.994763783264358e-9,6.994763783209696e-9
uk doom metal,METAL,1,1,2,0,2.3365921869328484e-5,2.3365921869328596e-5
toronto indie,ROCK,1,1,2,0,4.891243053024762e-4,4.891243053024762e-4
vancouver metal,METAL,1,1,2,0,1.7058852473209405e-5,1.7058852473209463e-5
neue deutsche harte,METAL,1,1,2,0,3.420008246048257e-5,3.420008246048246e-5
transpop,POP,2,1,2,0,1.8399898828347106e-4,1.8399898828347098e-4
early music,CLASSICAL,1,1,2,0,2.0394542396863077e-13,2.0394540956743014e-13
italo dance,ELECTRONIC,1,1,2,0,2.930191546665654e-6,2.9301915466655654e-6
san diego rap,HIP HOP,1,1,2,0,4.172608757355322e-6,4.172608757355329e-6
detroit trap,HIP HOP,2,1,2,0,2.15002763703081e-6,2.1500276370307824e-6
pop nacional,POP,1,1,2,0,2.743843257124547e-9,2.7438432572256755e-9
italian pop,POP,2,1,2,0,0,0
vintage swedish pop,POP,2,1,2,0,9.868031089626399e-8,9.868031089621374e-8
deep talent show,POP,13,1,2,0,3.8681820959102116e-5,3.868182095910226e-5
country hip hop,OTHER,1,1,2,0,7.139535427399452e-5,7.139535427399456e-5
memphis rap,OTHER,1,1,2,0,6.541810307147795e-5,6.541810307147833e-5
